CustomerID,Age,Subscription_Duration_Months,Contract_Type,Monthly_Logins,Last_Purchase_Days_Ago,App_Usage_Time_Min,Monthly_Spend,Discount_Usage_Percentage,Customer_Support_Calls,Satisfaction_Score,Is_Churn
CUST-00001,56,35,Annual,15,28,14.8,706.38,0.19,2,3,0
CUST-00002,69,51,Annual,27,27,37.0,1567.03,0.75,0,3,0
CUST-00003,46,15,Monthly,3,76,57.0,1985.1,0.03,0,3,1
CUST-00004,32,25,Monthly,1,78,57.0,488.93,0.75,1,2,0
CUST-00005,60,55,Monthly,20,86,21.6,1749.87,0.41,1,5,0
CUST-00006,25,37,Monthly,16,43,32.8,1662.94,0.19,0,2,1
CUST-00007,38,28,Annual,2,89,13.8,457.07,0.12,2,3,0
CUST-00008,56,10,Monthly,2,3,61.0,804.67,0.85,0,5,0
CUST-00009,36,39,Monthly,3,89,60.2,825.25,0.06,2,4,0
CUST-00010,40,57,Monthly,8,8,40.2,1956.66,0.18,1,5,0
CUST-00011,28,17,Monthly,24,4,49.5,369.97,0.31,4,4,0
CUST-00012,28,39,Annual,28,55,44.1,1600.32,0.55,1,3,0
CUST-00013,41,22,Monthly,15,83,36.8,675.04,0.48,0,5,0
CUST-00014,53,26,Annual,7,49,4.2,1464.43,0.11,2,2,1
CUST-00015,57,44,Monthly,6,74,28.4,845.82,0.26,3,4,0
CUST-00016,41,25,Annual,9,14,41.7,1160.94,0.21,7,4,0
CUST-00017,20,17,Monthly,20,31,41.9,1666.9,0.19,1,3,0
CUST-00018,39,13,Monthly,28,27,23.5,1610.29,0.37,1,5,0
CUST-00019,19,20,Annual,1,21,57.8,1734.18,0.63,3,5,0
CUST-00020,41,25,Monthly,8,16,11.1,128.64,0.19,0,5,0
CUST-00021,61,4,Annual,23,58,31.2,1387.18,0.33,2,5,0
CUST-00022,47,10,Monthly,23,89,42.7,288.57,0.35,1,4,0
CUST-00023,55,3,Monthly,3,70,43.0,837.48,0.87,0,3,0
CUST-00024,19,41,Monthly,4,56,40.1,1101.69,0.85,1,3,0
CUST-00025,38,45,Annual,26,25,17.6,811.45,0.71,1,4,0
CUST-00026,50,18,Monthly,25,24,10.4,1044.03,0.22,2,4,0
CUST-00027,29,47,Monthly,15,9,39.3,1993.09,0.06,4,5,0
CUST-00028,39,36,Monthly,6,44,37.1,279.08,0.28,1,4,0
CUST-00029,61,47,Monthly,15,82,11.8,1354.16,0.24,3,4,0
CUST-00030,42,22,Monthly,21,10,43.5,798.04,0.45,0,4,0
CUST-00031,66,34,Annual,3,76,28.4,274.69,0.69,1,5,1
CUST-00032,44,47,Annual,25,52,41.3,325.89,0.76,0,5,0
CUST-00033,59,8,Annual,21,71,51.5,1899.05,0.75,4,5,0
CUST-00034,45,40,Annual,21,67,11.2,1760.41,0.32,2,4,0
CUST-00035,33,49,Monthly,14,27,2.2,1815.01,0.61,2,5,0
CUST-00036,32,44,Annual,20,74,48.0,1983.15,0.28,3,1,1
CUST-00037,64,19,Monthly,14,64,37.8,424.55,0.05,2,5,0
CUST-00038,68,42,Monthly,4,48,43.2,717.32,0.62,4,4,0
CUST-00039,61,41,Monthly,12,46,51.5,1341.75,0.01,2,4,0
CUST-00040,69,37,Monthly,17,51,49.4,972.77,0.36,4,4,0
CUST-00041,20,6,Annual,7,87,58.9,842.6,0.29,1,5,0
CUST-00042,54,52,Monthly,9,53,33.3,722.04,0.62,0,1,1
CUST-00043,68,26,Monthly,3,59,30.5,1191.62,0.68,1,5,0
CUST-00044,24,34,Monthly,28,56,25.2,1155.43,0.27,0,4,0
CUST-00045,38,59,Annual,13,46,10.3,331.3,0.72,2,4,0
CUST-00046,26,56,Monthly,15,30,35.5,948.76,0.26,1,3,0
CUST-00047,56,59,Monthly,18,45,17.7,1111.41,0.4,2,4,0
CUST-00048,35,45,Monthly,19,25,56.6,1144.87,0.65,0,4,0
CUST-00049,21,6,Annual,1,4,36.2,428.11,0.62,0,4,0
CUST-00050,42,37,Monthly,6,83,36.7,1487.12,0.88,1,5,0
CUST-00051,31,57,Monthly,27,51,22.4,60.15,0.2,4,4,0
CUST-00052,67,33,Monthly,27,74,4.1,716.12,0.59,1,5,0
CUST-00053,26,53,Monthly,23,53,2.9,1562.62,0.54,1,4,0
CUST-00054,43,22,Monthly,27,32,26.5,1132.15,0.81,2,5,0
CUST-00055,19,21,Monthly,27,49,6.1,529.71,0.14,2,2,0
CUST-00056,37,6,Annual,2,37,37.6,1392.96,0.67,1,4,1
CUST-00057,45,6,Monthly,24,26,54.1,1139.11,0.51,1,4,0
CUST-00058,64,55,Monthly,14,14,54.2,1594.52,0.24,0,4,0
CUST-00059,24,48,Annual,6,60,40.7,1472.7,0.42,4,5,1
CUST-00060,61,4,Monthly,14,20,13.7,1224.11,0.3,0,2,0
CUST-00061,25,30,Monthly,4,45,53.0,981.47,0.52,1,2,0
CUST-00062,64,11,Monthly,21,68,54.4,275.03,0.79,0,5,0
CUST-00063,52,30,Monthly,8,5,12.9,530.05,0.51,1,3,0
CUST-00064,31,31,Annual,3,37,45.5,844.01,0.56,2,5,0
CUST-00065,34,24,Monthly,19,61,18.3,1202.61,0.46,0,4,0
CUST-00066,53,55,Annual,14,85,49.4,1032.28,0.05,0,5,0
CUST-00067,67,9,Monthly,27,61,61.1,583.49,0.21,1,2,1
CUST-00068,57,55,Monthly,20,81,2.8,22.86,0.44,0,2,0
CUST-00069,21,3,Monthly,17,77,55.1,997.52,0.28,0,4,0
CUST-00070,19,51,Monthly,25,73,38.5,578.4,0.16,3,5,0
CUST-00071,23,31,Monthly,8,45,59.7,1471.87,0.45,2,4,0
CUST-00072,59,40,Annual,24,12,29.0,57.65,0.29,3,4,0
CUST-00073,21,37,Monthly,14,2,52.1,1173.81,0.23,3,5,0
CUST-00074,46,36,Annual,26,5,4.8,1883.53,0.41,2,5,0
CUST-00075,35,24,Monthly,6,7,21.2,357.07,0.12,0,5,0
CUST-00076,43,31,Annual,23,43,5.0,948.58,0.83,2,5,0
CUST-00077,61,6,Annual,22,32,59.8,191.93,0.77,3,1,0
CUST-00078,51,2,Annual,16,80,50.3,1255.11,0.63,2,2,0
CUST-00079,27,20,Annual,25,74,52.4,1105.56,0.09,1,5,0
CUST-00080,53,28,Annual,19,76,57.6,820.66,0.69,1,5,0
CUST-00081,31,11,Monthly,14,49,6.1,1047.54,0.72,3,4,0
CUST-00082,48,4,Monthly,19,10,24.3,1794.18,0.68,2,3,0
CUST-00083,65,15,Monthly,3,27,5.3,400.63,0.1,5,5,1
CUST-00084,32,6,Annual,10,69,13.7,54.9,0.57,0,2,0
CUST-00085,25,54,Monthly,19,40,14.8,1724.71,0.74,1,4,0
CUST-00086,31,49,Annual,9,15,29.3,1158.46,0.51,0,4,0
CUST-00087,40,30,Monthly,28,67,17.2,1782.41,0.58,2,4,0
CUST-00088,57,56,Monthly,20,47,7.1,1197.92,0.41,0,5,0
CUST-00089,38,38,Monthly,13,55,11.1,1622.22,0.47,0,4,0
CUST-00090,33,51,Monthly,7,63,9.9,865.05,0.03,8,5,1
CUST-00091,62,57,Monthly,14,58,59.7,1502.22,0.57,0,4,0
CUST-00092,35,2,Monthly,9,89,46.8,1826.95,0.07,3,4,0
CUST-00093,64,15,Monthly,27,61,59.4,1148.52,0.39,1,5,0
CUST-00094,41,11,Monthly,28,75,27.5,369.76,0.26,3,3,0
CUST-00095,43,8,Monthly,23,10,17.8,544.91,0.49,2,2,0
CUST-00096,42,26,Monthly,25,88,49.1,405.3,0.12,3,2,0
CUST-00097,62,51,Annual,28,17,20.7,501.25,0.62,4,3,0
CUST-00098,58,45,Monthly,19,18,19.1,619.77,0.71,0,4,0
CUST-00099,46,44,Monthly,15,86,15.0,1114.72,0.15,0,5,0
CUST-00100,32,5,Monthly,20,54,8.8,1180.1,0.09,1,5,0
CUST-00101,62,6,Monthly,14,81,16.5,858.73,0.13,2,5,0
CUST-00102,18,26,Monthly,24,25,22.4,1234.69,0.78,3,4,0
CUST-00103,42,54,Monthly,6,5,41.6,172.33,0.47,1,4,0
CUST-00104,24,4,Monthly,21,3,4.8,184.7,0.42,2,4,0
CUST-00105,26,19,Monthly,4,28,13.7,351.94,0.09,0,3,0
CUST-00106,41,20,Monthly,8,58,49.8,1040.97,0.58,3,2,0
CUST-00107,18,33,Annual,17,16,9.9,435.85,0.77,4,4,0
CUST-00108,61,20,Annual,9,42,21.7,573.74,0.74,1,5,0
CUST-00109,25,49,Monthly,1,79,53.1,806.62,0.56,1,3,0
CUST-00110,41,12,Monthly,24,65,10.3,1625.61,0.07,0,1,1
CUST-00111,28,47,Monthly,20,33,6.0,37.59,0.1,2,5,0
CUST-00112,68,1,Monthly,25,7,30.2,1302.26,0.04,1,3,0
CUST-00113,34,26,Annual,14,12,19.2,1341.06,0.23,0,5,0
CUST-00114,25,14,Monthly,11,7,35.0,1599.33,0.12,1,5,0
CUST-00115,52,38,Monthly,21,64,49.5,1866.18,0.23,1,5,0
CUST-00116,52,37,Monthly,3,42,9.3,50.07,0.34,1,4,0
CUST-00117,50,11,Annual,9,38,36.0,316.03,0.84,2,5,0
CUST-00118,22,36,Monthly,27,80,31.5,1773.48,0.54,0,4,0
CUST-00119,59,13,Monthly,14,58,9.7,922.45,0.74,2,5,0
CUST-00120,56,43,Monthly,9,83,38.6,1133.54,0.63,2,4,0
CUST-00121,58,3,Monthly,4,87,17.5,1329.42,0.1,1,3,0
CUST-00122,45,33,Monthly,27,85,30.4,1361.34,0.65,0,4,0
CUST-00123,24,6,Monthly,4,85,6.0,1864.16,0.24,2,4,1
CUST-00124,26,50,Monthly,28,43,28.7,1993.93,0.57,4,5,0
CUST-00125,25,56,Monthly,8,8,19.5,1443.11,0.3,1,5,0
CUST-00126,29,10,Monthly,2,36,50.6,581.57,0.89,1,5,0
CUST-00127,51,5,Monthly,9,73,4.4,1760.71,0.23,0,2,0
CUST-00128,50,23,Monthly,14,35,26.2,107.95,0.25,2,5,0
CUST-00129,65,10,Monthly,22,27,28.6,469.85,0.83,0,4,0
CUST-00130,40,44,Annual,9,41,44.7,1795.8,0.02,1,5,0
CUST-00131,41,2,Monthly,24,42,35.6,519.82,0.62,2,5,0
CUST-00132,54,13,Monthly,23,84,41.2,449.1,0.65,2,2,1
CUST-00133,52,40,Monthly,16,87,47.9,284.87,0.74,1,5,0
CUST-00134,61,2,Monthly,17,41,53.0,1719.63,0.87,1,1,0
CUST-00135,57,20,Annual,16,65,19.9,1005.12,0.87,2,4,0
CUST-00136,39,1,Monthly,12,54,33.4,1353.04,0.06,0,4,0
CUST-00137,44,37,Annual,3,71,51.7,485.74,0.73,0,3,0
CUST-00138,52,9,Monthly,11,47,60.7,1518.5,0.58,3,5,0
CUST-00139,18,17,Monthly,14,90,54.6,1522.41,0.58,0,1,0
CUST-00140,52,9,Annual,18,21,23.4,632.07,0.11,2,3,0
CUST-00141,54,11,Annual,21,26,12.8,827.26,0.58,4,4,0
CUST-00142,64,15,Annual,21,66,30.5,427.28,0.87,1,5,0
CUST-00143,31,24,Annual,5,12,45.7,1953.36,0.81,1,5,0
CUST-00144,20,38,Monthly,16,44,30.7,1294.75,0.39,2,5,0
CUST-00145,18,55,Annual,20,9,30.1,1869.74,0.04,3,5,0
CUST-00146,22,35,Monthly,5,8,51.5,613.74,0.32,4,4,0
CUST-00147,43,30,Annual,3,53,22.8,1565.96,0.74,2,1,0
CUST-00148,31,31,Monthly,12,26,52.8,1534.06,0.62,0,2,0
CUST-00149,56,49,Annual,1,33,25.5,1386.39,0.41,2,4,0
CUST-00150,44,5,Monthly,21,0,20.8,1931.62,0.05,1,5,0
CUST-00151,26,60,Monthly,9,31,28.4,793.18,0.38,1,4,0
CUST-00152,32,44,Monthly,9,88,47.0,270.13,0.42,0,5,0
CUST-00153,32,50,Annual,4,70,8.6,1346.7,0.83,0,4,0
CUST-00154,43,14,Monthly,3,66,12.8,1461.33,0.57,2,2,0
CUST-00155,59,53,Monthly,17,83,58.4,1154.37,0.28,1,3,0
CUST-00156,30,56,Monthly,2,19,11.6,421.57,0.47,1,5,0
CUST-00157,68,11,Monthly,24,34,35.2,1013.87,0.06,1,5,0
CUST-00158,49,9,Annual,1,90,35.9,631.26,0.87,3,5,1
CUST-00159,56,34,Monthly,8,89,30.5,860.66,0.32,2,2,0
CUST-00160,66,12,Annual,13,77,39.9,1293.98,0.43,1,5,0
CUST-00161,69,35,Monthly,23,16,14.9,1492.98,0.32,0,3,0
CUST-00162,49,35,Monthly,15,17,34.3,472.13,0.61,1,1,0
CUST-00163,21,1,Annual,8,44,23.4,816.6,0.59,4,5,0
CUST-00164,47,40,Monthly,12,83,40.9,545.63,0.64,2,4,0
CUST-00165,54,22,Monthly,22,52,9.5,405.28,0.24,1,5,0
CUST-00166,40,60,Monthly,12,90,35.4,1568.94,0.28,2,3,0
CUST-00167,56,29,Annual,14,81,12.2,1819.41,0.11,1,4,0
CUST-00168,62,8,Monthly,15,67,17.8,746.76,0.58,3,5,0
CUST-00169,32,11,Annual,15,64,14.2,1505.05,0.04,1,4,0
CUST-00170,60,41,Annual,9,0,12.0,1795.02,0.53,0,5,0
CUST-00171,46,37,Monthly,19,57,50.8,1693.79,0.77,0,3,0
CUST-00172,53,14,Monthly,26,25,18.2,373.8,0.79,1,5,0
CUST-00173,30,60,Monthly,20,19,56.9,1913.02,0.4,4,4,0
CUST-00174,49,30,Monthly,22,86,59.5,759.59,0.41,1,3,0
CUST-00175,24,35,Monthly,8,9,35.4,685.09,0.07,3,4,0
CUST-00176,68,21,Monthly,21,58,9.6,134.24,0.6,2,3,0
CUST-00177,39,37,Monthly,19,74,23.6,977.49,0.73,1,5,0
CUST-00178,45,5,Annual,6,40,49.1,226.94,0.22,0,4,0
CUST-00179,19,19,Annual,20,4,23.2,504.59,0.37,0,3,0
CUST-00180,59,59,Annual,25,64,6.2,640.72,0.75,2,4,0
CUST-00181,62,14,Monthly,19,16,34.6,1619.56,0.78,0,4,0
CUST-00182,23,26,Monthly,4,21,52.0,1752.22,0.22,1,5,0
CUST-00183,45,4,Monthly,23,40,49.0,611.91,0.49,1,5,0
CUST-00184,45,25,Annual,7,67,11.6,1718.81,0.17,2,4,0
CUST-00185,61,45,Monthly,28,68,41.6,1715.89,0.09,0,5,0
CUST-00186,61,42,Annual,28,10,14.3,1531.66,0.81,1,4,0
CUST-00187,37,25,Monthly,4,55,14.2,301.92,0.73,1,3,0
CUST-00188,47,18,Monthly,22,50,53.7,1383.74,0.68,1,5,0
CUST-00189,28,40,Annual,12,20,16.1,1890.6,0.04,3,4,0
CUST-00190,45,8,Monthly,13,75,16.9,1368.26,0.75,0,5,0
CUST-00191,42,39,Annual,3,25,1.0,669.92,0.39,3,5,0
CUST-00192,56,40,Annual,22,18,53.5,1006.15,0.3,2,4,0
CUST-00193,50,14,Monthly,12,59,48.8,1294.99,0.49,2,5,0
CUST-00194,18,32,Monthly,2,70,38.8,1026.04,0.08,2,5,1
CUST-00195,44,51,Monthly,24,46,46.2,248.71,0.67,1,4,0
CUST-00196,69,38,Annual,2,70,10.2,631.01,0.52,0,5,0
CUST-00197,30,33,Monthly,27,25,28.6,1606.77,0.17,2,4,0
CUST-00198,58,23,Monthly,23,39,22.2,1724.22,0.17,1,5,0
CUST-00199,20,15,Monthly,9,4,6.7,283.23,0.16,2,5,0
CUST-00200,56,33,Annual,1,20,30.3,1905.25,0.05,1,1,0
CUST-00201,23,25,Monthly,8,77,56.5,664.36,0.52,3,4,0
CUST-00202,25,17,Annual,23,3,3.4,1328.0,0.75,2,5,0
CUST-00203,44,33,Annual,6,22,18.6,1506.13,0.02,0,2,1
CUST-00204,26,47,Monthly,6,83,13.5,1625.77,0.04,1,1,0
CUST-00205,54,55,Monthly,22,14,15.4,1892.04,0.51,2,4,0
CUST-00206,50,2,Annual,25,7,55.8,632.71,0.73,2,4,0
CUST-00207,68,14,Monthly,18,40,29.2,1718.43,0.29,1,4,0
CUST-00208,59,53,Annual,17,18,29.1,272.06,0.31,3,3,0
CUST-00209,61,40,Monthly,12,45,46.9,1413.03,0.53,1,3,0
CUST-00210,41,40,Monthly,6,27,10.3,1486.54,0.24,1,5,0
CUST-00211,32,51,Annual,26,90,30.4,1358.67,0.02,3,4,0
CUST-00212,49,39,Monthly,27,67,26.9,512.11,0.65,3,3,0
CUST-00213,49,51,Monthly,8,14,37.0,1747.36,0.56,2,4,0
CUST-00214,41,6,Monthly,19,36,61.3,346.03,0.52,3,4,0
CUST-00215,58,6,Monthly,28,0,47.4,116.73,0.66,0,2,0
CUST-00216,69,3,Monthly,10,66,25.0,1437.76,0.6,3,3,0
CUST-00217,66,7,Monthly,1,23,50.9,956.2,0.18,1,2,1
CUST-00218,66,51,Annual,25,26,11.3,1699.71,0.31,0,5,0
CUST-00219,69,8,Monthly,13,39,2.8,772.96,0.11,1,5,0
CUST-00220,29,42,Monthly,17,62,13.3,344.87,0.12,1,5,0
CUST-00221,56,52,Monthly,3,60,21.5,1674.52,0.6,1,5,0
CUST-00222,19,15,Annual,8,35,31.8,1102.33,0.76,1,5,0
CUST-00223,20,47,Monthly,14,23,38.1,386.5,0.86,0,4,0
CUST-00224,66,29,Annual,3,23,55.9,1443.56,0.56,1,5,0
CUST-00225,54,33,Monthly,16,3,31.7,1027.12,0.16,2,1,0
CUST-00226,66,52,Monthly,13,66,31.2,1212.58,0.09,1,5,0
CUST-00227,34,30,Monthly,20,33,4.0,927.19,0.72,1,5,0
CUST-00228,66,39,Monthly,24,56,3.1,1659.13,0.52,2,4,0
CUST-00229,19,27,Monthly,17,48,34.2,1660.83,0.55,3,4,0
CUST-00230,19,36,Monthly,13,86,27.4,1421.68,0.7,2,3,0
CUST-00231,45,29,Annual,6,52,51.6,219.75,0.63,1,5,0
CUST-00232,40,38,Monthly,17,22,10.7,1679.32,0.74,2,5,0
CUST-00233,54,57,Monthly,14,68,2.5,1345.32,0.05,0,5,0
CUST-00234,49,33,Monthly,17,52,28.1,1397.08,0.67,0,4,0
CUST-00235,50,37,Annual,8,61,15.3,732.34,0.76,1,5,0
CUST-00236,18,27,Monthly,11,40,4.0,1759.77,0.25,3,4,0
CUST-00237,36,55,Monthly,20,56,44.7,1453.49,0.57,1,5,0
CUST-00238,19,33,Monthly,28,59,7.7,234.06,0.28,0,4,0
CUST-00239,61,4,Annual,1,53,37.7,821.48,0.85,0,4,0
CUST-00240,43,22,Monthly,26,69,17.9,1773.9,0.03,3,4,0
CUST-00241,49,2,Monthly,7,56,11.5,103.92,0.52,2,5,0
CUST-00242,23,10,Annual,21,9,23.9,1923.22,0.15,1,5,0
CUST-00243,49,5,Annual,21,39,49.3,1361.53,0.63,2,2,0
CUST-00244,21,59,Monthly,17,6,24.6,1266.44,0.16,1,2,0
CUST-00245,28,10,Annual,10,37,46.3,548.41,0.21,2,5,0
CUST-00246,34,33,Monthly,11,84,8.6,505.1,0.44,1,4,0
CUST-00247,55,54,Monthly,22,60,47.6,1884.7,0.81,3,5,0
CUST-00248,41,38,Monthly,9,83,15.3,603.56,0.19,1,4,0
CUST-00249,22,13,Monthly,9,2,41.8,1553.26,0.13,2,2,0
CUST-00250,69,31,Monthly,24,50,35.1,792.31,0.68,0,5,0
CUST-00251,51,47,Annual,5,85,57.0,287.12,0.45,1,5,1
CUST-00252,23,36,Monthly,17,46,24.4,31.32,0.81,1,4,0
CUST-00253,39,45,Monthly,9,67,5.0,1093.07,0.13,1,4,0
CUST-00254,28,24,Monthly,17,75,2.2,1951.8,0.57,0,5,0
CUST-00255,65,52,Annual,24,37,50.9,744.58,0.21,2,2,0
CUST-00256,33,56,Monthly,21,35,32.6,720.81,0.14,0,5,0
CUST-00257,50,15,Monthly,19,40,47.7,694.74,0.61,2,3,0
CUST-00258,26,29,Monthly,27,68,15.1,1045.88,0.53,3,4,0
CUST-00259,23,8,Monthly,7,12,21.8,886.92,0.67,2,5,0
CUST-00260,33,5,Annual,23,86,2.8,1761.03,0.28,2,5,0
CUST-00261,46,29,Annual,9,57,59.0,1015.99,0.4,2,4,0
CUST-00262,20,47,Monthly,7,49,41.3,1020.44,0.36,1,5,0
CUST-00263,37,4,Annual,13,29,57.3,285.36,0.88,3,4,0
CUST-00264,53,12,Monthly,11,61,17.0,1965.65,0.26,1,3,0
CUST-00265,36,45,Annual,14,24,37.9,507.45,0.26,2,5,0
CUST-00266,43,2,Monthly,19,26,41.9,155.99,0.32,2,5,0
CUST-00267,20,27,Monthly,11,50,20.1,1329.66,0.5,1,5,0
CUST-00268,36,31,Monthly,13,77,52.1,1194.78,0.22,1,4,0
CUST-00269,37,51,Monthly,14,56,58.1,836.14,0.81,1,1,1
CUST-00270,49,51,Monthly,13,46,54.4,850.16,0.24,3,1,0
CUST-00271,24,36,Monthly,1,38,45.6,1572.28,0.8,4,4,0
CUST-00272,69,36,Monthly,8,15,17.7,399.47,0.09,1,5,0
CUST-00273,58,26,Annual,12,21,18.0,1642.3,0.58,2,4,0
CUST-00274,50,43,Monthly,19,84,59.1,1301.01,0.81,3,5,0
CUST-00275,57,27,Monthly,12,53,1.6,843.75,0.15,0,1,0
CUST-00276,56,5,Annual,8,20,44.2,921.48,0.86,1,4,0
CUST-00277,35,20,Monthly,8,71,43.6,520.73,0.4,2,3,0
CUST-00278,57,11,Monthly,21,15,38.5,1506.71,0.84,3,4,0
CUST-00279,18,10,Monthly,13,58,60.7,1030.62,0.6,3,2,0
CUST-00280,28,40,Annual,12,30,19.8,648.5,0.27,1,5,0
CUST-00281,45,38,Monthly,16,41,21.5,1196.14,0.17,0,3,0
CUST-00282,42,6,Monthly,1,73,5.8,1991.51,0.27,1,5,0
CUST-00283,67,8,Annual,13,31,27.7,876.17,0.08,1,4,0
CUST-00284,40,23,Annual,26,58,16.7,1842.18,0.13,1,5,0
CUST-00285,48,47,Monthly,7,33,21.7,696.58,0.09,2,4,0
CUST-00286,47,26,Monthly,28,8,51.3,118.92,0.38,0,5,0
CUST-00287,59,46,Monthly,26,80,57.4,416.44,0.71,3,1,1
CUST-00288,52,43,Annual,5,10,12.2,843.2,0.13,1,5,0
CUST-00289,24,12,Monthly,8,9,23.5,447.07,0.12,2,5,0
CUST-00290,33,26,Monthly,25,85,57.0,10.45,0.57,0,3,0
CUST-00291,43,13,Annual,27,16,4.7,1830.85,0.18,1,2,0
CUST-00292,65,40,Monthly,14,67,6.6,1689.32,0.09,0,4,0
CUST-00293,69,18,Monthly,23,47,10.8,1487.16,0.15,4,5,1
CUST-00294,66,25,Monthly,13,51,36.9,343.95,0.82,3,4,0
CUST-00295,19,33,Monthly,15,24,10.1,249.52,0.73,1,4,0
CUST-00296,18,47,Monthly,23,20,59.4,144.53,0.32,1,3,0
CUST-00297,65,40,Monthly,17,64,27.9,1450.82,0.58,4,1,1
CUST-00298,29,60,Monthly,15,62,31.2,1858.33,0.48,1,5,0
CUST-00299,22,43,Monthly,20,88,15.9,866.77,0.6,0,2,1
CUST-00300,54,12,Annual,18,50,29.4,247.09,0.61,2,5,0
CUST-00301,49,44,Monthly,18,35,40.9,1029.66,0.56,4,5,0
CUST-00302,26,36,Annual,2,80,46.3,704.18,0.24,0,3,0
CUST-00303,58,48,Monthly,4,87,46.5,755.9,0.03,1,5,1
CUST-00304,52,4,Annual,1,65,35.8,1246.45,0.41,4,2,1
CUST-00305,36,5,Annual,4,14,55.5,1440.25,0.79,0,5,0
CUST-00306,65,56,Monthly,18,38,50.3,230.1,0.51,0,3,0
CUST-00307,33,37,Annual,5,69,46.7,80.82,0.74,2,5,1
CUST-00308,20,8,Annual,19,0,4.4,1988.72,0.88,3,4,0
CUST-00309,37,42,Monthly,15,22,1.4,473.13,0.15,1,4,0
CUST-00310,41,49,Monthly,28,38,13.8,117.12,0.62,6,4,0
CUST-00311,50,28,Monthly,8,56,41.0,387.85,0.6,2,3,0
CUST-00312,41,31,Annual,20,80,25.8,87.53,0.87,0,5,0
CUST-00313,69,58,Annual,17,33,25.3,789.7,0.88,6,4,0
CUST-00314,28,9,Annual,1,40,54.3,1606.78,0.61,1,5,0
CUST-00315,66,54,Monthly,12,72,55.0,689.08,0.22,1,3,0
CUST-00316,25,51,Annual,26,12,55.8,893.92,0.71,2,5,0
CUST-00317,53,29,Monthly,19,69,19.9,1354.42,0.1,1,2,1
CUST-00318,55,14,Monthly,15,5,42.7,1022.7,0.69,0,4,0
CUST-00319,57,40,Monthly,9,83,17.4,1724.28,0.81,0,3,0
CUST-00320,37,41,Monthly,7,51,12.5,1733.41,0.34,1,5,0
CUST-00321,52,22,Monthly,2,2,12.1,29.72,0.56,3,3,0
CUST-00322,65,11,Monthly,9,80,21.6,1558.31,0.38,2,5,0
CUST-00323,42,23,Monthly,10,62,26.9,926.86,0.39,8,5,1
CUST-00324,52,1,Monthly,2,48,51.1,1977.79,0.28,1,3,0
CUST-00325,42,46,Monthly,19,75,8.2,971.63,0.68,1,5,0
CUST-00326,46,37,Monthly,11,46,45.3,1973.92,0.83,0,2,1
CUST-00327,35,21,Monthly,13,54,33.0,1511.59,0.84,0,4,0
CUST-00328,63,26,Monthly,10,63,18.4,504.72,0.16,1,5,0
CUST-00329,35,46,Monthly,14,64,30.7,1081.41,0.78,2,5,0
CUST-00330,19,36,Monthly,18,80,19.1,1984.35,0.66,3,5,0
CUST-00331,52,54,Monthly,19,66,36.9,1716.49,0.23,5,4,0
CUST-00332,33,23,Monthly,22,89,27.2,203.76,0.06,1,4,0
CUST-00333,58,57,Monthly,9,14,10.9,1415.68,0.24,3,2,0
CUST-00334,53,1,Monthly,25,31,8.0,697.7,0.81,1,5,0
CUST-00335,50,54,Annual,7,67,34.0,23.89,0.56,0,4,0
CUST-00336,21,55,Monthly,28,17,55.4,812.93,0.64,3,5,0
CUST-00337,50,51,Monthly,3,82,21.7,477.16,0.23,2,3,1
CUST-00338,31,40,Monthly,20,42,45.2,1639.55,0.64,0,4,0
CUST-00339,38,15,Monthly,6,34,40.7,681.29,0.03,1,4,0
CUST-00340,65,21,Monthly,27,77,57.2,1656.77,0.33,1,1,1
CUST-00341,37,47,Monthly,21,57,50.5,11.19,0.56,2,4,0
CUST-00342,25,9,Monthly,2,32,35.2,622.56,0.13,1,5,0
CUST-00343,24,53,Monthly,6,13,40.6,489.92,0.73,5,5,1
CUST-00344,20,9,Monthly,3,33,55.2,474.8,0.21,0,4,0
CUST-00345,34,10,Annual,16,60,25.1,145.69,0.58,1,4,0
CUST-00346,50,52,Annual,8,3,20.7,382.38,0.36,1,1,0
CUST-00347,65,57,Annual,2,87,1.7,1115.54,0.53,1,5,0
CUST-00348,29,53,Annual,17,58,50.8,589.81,0.1,1,1,0
CUST-00349,68,26,Monthly,9,28,49.3,840.62,0.02,2,5,0
CUST-00350,39,41,Monthly,12,82,7.3,759.97,0.81,3,4,0
CUST-00351,39,35,Monthly,3,5,35.8,1753.05,0.24,4,4,0
CUST-00352,63,52,Monthly,11,48,29.0,1811.55,0.73,3,5,0
CUST-00353,47,25,Annual,1,39,8.2,990.98,0.89,3,1,0
CUST-00354,55,26,Monthly,23,82,60.1,667.01,0.19,2,4,0
CUST-00355,55,11,Annual,13,64,13.9,222.53,0.24,3,4,0
CUST-00356,62,38,Monthly,15,68,5.1,1907.27,0.59,1,3,0
CUST-00357,68,2,Annual,26,26,36.9,129.85,0.86,1,4,0
CUST-00358,25,7,Monthly,5,79,45.6,602.32,0.82,1,5,0
CUST-00359,44,18,Monthly,21,5,3.0,603.15,0.45,1,5,0
CUST-00360,44,27,Monthly,17,12,40.7,647.6,0.71,1,1,0
CUST-00361,51,34,Monthly,25,63,33.1,336.93,0.12,4,5,1
CUST-00362,38,27,Monthly,23,61,7.2,1568.49,0.87,1,3,0
CUST-00363,47,17,Monthly,24,18,11.4,253.77,0.86,0,3,0
CUST-00364,50,43,Annual,25,75,35.2,1273.46,0.15,1,3,0
CUST-00365,45,59,Monthly,6,79,18.9,256.45,0.27,0,1,1
CUST-00366,64,44,Monthly,28,42,57.6,150.37,0.09,0,2,1
CUST-00367,50,59,Monthly,21,73,50.4,1819.76,0.24,0,5,0
CUST-00368,22,51,Annual,22,88,60.3,388.36,0.73,1,4,0
CUST-00369,65,54,Monthly,11,19,16.7,1644.29,0.34,1,2,0
CUST-00370,36,24,Monthly,18,67,59.5,1093.82,0.08,2,2,0
CUST-00371,21,25,Monthly,4,43,27.0,164.93,0.3,2,5,1
CUST-00372,52,7,Monthly,3,22,22.0,1911.34,0.87,1,5,0
CUST-00373,66,52,Monthly,13,1,4.0,501.45,0.56,1,3,0
CUST-00374,34,6,Monthly,23,21,4.2,1720.69,0.37,1,1,0
CUST-00375,61,53,Monthly,9,56,42.7,345.93,0.15,2,3,0
CUST-00376,45,24,Annual,21,71,28.6,1709.35,0.88,0,2,0
CUST-00377,47,33,Monthly,6,6,14.7,36.33,0.73,0,2,0
CUST-00378,46,49,Monthly,26,77,38.0,1028.44,0.25,2,4,0
CUST-00379,63,29,Monthly,28,55,16.2,1541.19,0.06,1,3,0
CUST-00380,23,43,Annual,12,66,35.8,1870.24,0.05,0,4,0
CUST-00381,52,22,Monthly,2,15,22.7,1819.31,0.11,1,3,0
CUST-00382,58,26,Annual,3,82,50.7,1641.05,0.52,4,5,0
CUST-00383,54,28,Monthly,3,50,50.5,1777.5,0.83,3,5,0
CUST-00384,41,50,Monthly,28,81,29.8,406.45,0.44,2,4,0
CUST-00385,46,21,Monthly,12,79,22.2,575.53,0.75,1,4,0
CUST-00386,66,49,Annual,15,71,22.9,585.05,0.4,1,4,0
CUST-00387,63,7,Monthly,9,11,49.6,760.34,0.63,5,4,1
CUST-00388,48,17,Annual,23,52,20.8,792.71,0.65,4,5,0
CUST-00389,52,20,Annual,8,74,13.6,1093.67,0.15,0,4,0
CUST-00390,50,41,Monthly,11,4,6.1,328.16,0.32,3,5,0
CUST-00391,69,49,Monthly,16,26,29.1,1385.58,0.57,0,5,0
CUST-00392,38,20,Monthly,26,11,30.1,343.46,0.06,0,4,0
CUST-00393,49,54,Monthly,27,16,51.7,627.51,0.32,2,4,0
CUST-00394,40,22,Annual,25,5,14.3,1011.66,0.48,1,2,0
CUST-00395,50,28,Annual,22,4,24.0,1594.92,0.89,4,3,1
CUST-00396,20,40,Monthly,4,56,49.7,1481.54,0.42,0,4,0
CUST-00397,35,49,Monthly,28,27,50.7,1294.61,0.73,1,3,0
CUST-00398,42,7,Annual,1,77,24.2,319.99,0.38,3,5,1
CUST-00399,59,1,Monthly,24,68,28.7,1098.62,0.71,3,3,0
CUST-00400,48,32,Annual,7,58,19.3,184.02,0.53,0,4,0
CUST-00401,20,13,Monthly,2,32,57.2,760.95,0.79,1,5,0
CUST-00402,57,30,Monthly,24,61,8.2,832.9,0.37,2,5,0
CUST-00403,63,23,Monthly,28,49,57.3,89.22,0.54,0,4,0
CUST-00404,41,51,Monthly,5,18,42.2,555.24,0.56,4,5,1
CUST-00405,67,59,Monthly,7,85,33.1,1911.74,0.37,3,4,0
CUST-00406,49,56,Monthly,4,68,3.0,1907.73,0.13,0,4,1
CUST-00407,64,19,Monthly,5,65,29.7,711.13,0.08,0,2,0
CUST-00408,39,32,Annual,24,46,25.6,95.77,0.01,0,4,0
CUST-00409,40,30,Annual,1,38,10.7,366.4,0.78,3,5,0
CUST-00410,19,29,Monthly,1,67,40.6,790.51,0.21,0,5,0
CUST-00411,44,49,Monthly,15,32,59.6,1896.08,0.19,1,5,0
CUST-00412,59,45,Monthly,20,12,34.9,290.99,0.66,1,4,0
CUST-00413,19,29,Monthly,19,83,44.1,1529.4,0.28,2,2,1
CUST-00414,43,30,Monthly,10,53,5.1,226.28,0.45,0,1,0
CUST-00415,34,16,Monthly,28,6,26.2,1962.7,0.14,1,4,0
CUST-00416,57,40,Monthly,18,78,8.0,769.42,0.85,4,5,1
CUST-00417,50,19,Monthly,28,86,38.0,1552.72,0.76,3,5,0
CUST-00418,26,18,Monthly,3,13,57.6,691.76,0.77,2,4,0
CUST-00419,60,1,Monthly,11,86,40.9,1259.06,0.36,0,4,0
CUST-00420,65,14,Annual,15,18,5.6,392.11,0.68,1,4,0
CUST-00421,56,51,Monthly,27,53,22.4,300.58,0.13,2,4,0
CUST-00422,46,47,Monthly,11,19,34.2,1876.75,0.01,1,3,0
CUST-00423,59,50,Monthly,17,28,25.3,1836.12,0.02,3,3,0
CUST-00424,43,2,Monthly,17,23,51.3,1776.06,0.52,2,3,0
CUST-00425,52,54,Annual,6,81,50.1,1254.61,0.41,0,2,1
CUST-00426,67,28,Monthly,5,62,37.9,1618.45,0.46,3,3,0
CUST-00427,42,49,Annual,8,73,23.5,147.38,0.01,4,1,1
CUST-00428,41,50,Monthly,2,56,16.4,676.23,0.38,0,5,1
CUST-00429,30,30,Monthly,16,7,7.4,634.27,0.64,1,4,0
CUST-00430,24,38,Annual,20,89,22.4,1274.93,0.39,1,5,0
CUST-00431,53,51,Monthly,24,61,25.9,718.36,0.65,1,3,0
CUST-00432,62,4,Monthly,12,28,41.8,305.53,0.21,0,4,0
CUST-00433,37,1,Monthly,6,73,40.7,1196.97,0.72,2,4,0
CUST-00434,18,8,Monthly,1,16,5.2,1630.62,0.52,4,1,0
CUST-00435,25,29,Annual,4,65,24.8,770.43,0.19,1,5,1
CUST-00436,63,55,Monthly,17,5,12.0,273.21,0.21,0,1,0
CUST-00437,33,39,Monthly,13,57,10.5,401.41,0.56,2,5,0
CUST-00438,31,3,Monthly,18,68,50.9,482.59,0.74,1,5,0
CUST-00439,29,32,Monthly,5,27,3.5,606.8,0.37,3,4,0
CUST-00440,68,10,Monthly,24,61,26.3,1289.16,0.23,1,4,0
CUST-00441,40,10,Monthly,24,40,11.1,1205.88,0.77,0,5,0
CUST-00442,32,19,Monthly,27,68,54.0,1395.2,0.6,0,4,0
CUST-00443,45,46,Annual,3,81,34.6,731.38,0.4,2,5,0
CUST-00444,51,34,Monthly,11,89,15.0,1649.76,0.43,1,1,0
CUST-00445,19,60,Monthly,13,83,31.3,416.13,0.18,2,2,0
CUST-00446,49,33,Annual,4,40,45.1,943.39,0.56,0,4,0
CUST-00447,40,23,Monthly,26,48,58.8,1603.87,0.32,1,4,0
CUST-00448,39,55,Monthly,27,90,14.3,368.52,0.89,1,5,0
CUST-00449,68,28,Monthly,14,48,54.4,228.63,0.43,4,2,0
CUST-00450,42,32,Monthly,22,75,57.3,1768.53,0.43,4,5,0
CUST-00451,39,50,Monthly,11,70,56.3,692.43,0.5,0,3,0
CUST-00452,39,7,Annual,27,2,39.3,1370.9,0.82,1,4,0
CUST-00453,66,29,Monthly,10,9,39.0,60.44,0.71,0,4,0
CUST-00454,69,8,Monthly,19,88,25.3,1383.19,0.4,1,4,0
CUST-00455,59,1,Annual,18,34,46.4,639.04,0.64,1,3,0
CUST-00456,23,57,Monthly,6,79,33.0,120.92,0.52,3,4,0
CUST-00457,32,55,Monthly,27,1,41.8,1223.53,0.44,4,5,0
CUST-00458,60,3,Monthly,15,23,26.8,489.2,0.17,1,4,0
CUST-00459,54,24,Annual,21,73,45.1,779.75,0.41,1,4,0
CUST-00460,50,23,Monthly,10,37,50.7,170.36,0.22,3,5,0
CUST-00461,25,59,Monthly,5,21,9.8,302.85,0.81,3,5,0
CUST-00462,61,8,Monthly,26,25,51.2,602.97,0.3,0,4,0
CUST-00463,61,54,Monthly,5,42,33.6,188.62,0.85,1,3,0
CUST-00464,22,57,Monthly,10,54,51.9,1822.54,0.47,1,5,0
CUST-00465,56,47,Monthly,28,38,27.0,22.03,0.56,1,4,0
CUST-00466,21,37,Annual,5,90,23.9,972.88,0.48,0,3,1
CUST-00467,23,3,Monthly,3,28,56.2,255.26,0.12,0,3,0
CUST-00468,62,51,Monthly,23,19,16.1,622.28,0.33,2,5,0
CUST-00469,49,33,Annual,6,90,51.9,1852.86,0.09,1,1,0
CUST-00470,69,28,Annual,4,40,30.2,331.77,0.55,0,5,1
CUST-00471,47,47,Monthly,18,53,32.0,1932.01,0.4,1,3,0
CUST-00472,64,8,Monthly,28,19,19.6,419.53,0.69,3,5,0
CUST-00473,52,34,Monthly,9,18,35.6,1485.72,0.2,3,4,0
CUST-00474,57,35,Annual,17,83,20.6,1097.89,0.15,1,4,0
CUST-00475,69,32,Annual,13,65,3.4,1770.11,0.36,1,5,0
CUST-00476,33,24,Monthly,27,29,17.4,1112.45,0.82,5,4,0
CUST-00477,30,14,Annual,15,52,1.4,1073.77,0.63,0,4,0
CUST-00478,67,32,Monthly,20,33,60.0,398.96,0.37,0,1,0
CUST-00479,59,56,Monthly,17,21,59.2,340.8,0.46,1,1,0
CUST-00480,47,46,Monthly,13,66,24.8,1833.81,0.07,0,3,0
CUST-00481,36,43,Annual,16,5,44.9,662.4,0.88,1,5,0
CUST-00482,34,16,Monthly,22,78,21.9,750.44,0.59,3,2,1
CUST-00483,36,4,Annual,4,26,41.5,1522.05,0.25,2,2,0
CUST-00484,45,52,Annual,5,9,49.6,684.26,0.52,1,4,0
CUST-00485,43,37,Annual,5,72,58.1,1904.6,0.1,4,5,1
CUST-00486,54,54,Monthly,9,47,25.1,1478.48,0.86,0,5,0
CUST-00487,43,21,Monthly,17,69,48.2,1198.88,0.16,0,3,0
CUST-00488,40,14,Monthly,13,58,17.0,1762.98,0.58,2,2,0
CUST-00489,26,31,Monthly,2,58,60.7,108.72,0.22,2,5,1
CUST-00490,29,55,Monthly,13,1,2.6,521.55,0.64,0,3,0
CUST-00491,18,48,Annual,22,28,37.4,935.42,0.69,1,5,0
CUST-00492,18,18,Monthly,21,67,40.8,461.69,0.6,2,5,0
CUST-00493,64,7,Monthly,27,64,42.5,1490.37,0.55,2,5,0
CUST-00494,51,10,Monthly,23,82,8.3,1839.22,0.79,2,3,0
CUST-00495,49,7,Monthly,19,25,57.6,853.3,0.07,1,5,0
CUST-00496,65,33,Monthly,3,88,11.9,690.84,0.29,0,5,1
CUST-00497,42,23,Monthly,10,9,38.6,1923.49,0.22,1,4,0
CUST-00498,57,21,Annual,2,52,14.4,895.26,0.88,0,4,1
CUST-00499,62,19,Monthly,13,78,19.5,983.21,0.35,4,3,1
CUST-00500,18,48,Annual,19,58,34.0,709.78,0.65,1,2,0
CUST-00501,33,19,Annual,26,21,26.2,1820.0,0.61,1,4,0
CUST-00502,56,36,Monthly,17,50,10.7,1142.22,0.19,2,4,0
CUST-00503,22,29,Annual,21,47,11.3,1526.73,0.21,1,4,0
CUST-00504,39,60,Monthly,14,20,26.2,1625.5,0.25,1,4,0
CUST-00505,46,18,Annual,12,21,46.7,690.28,0.37,3,4,0
CUST-00506,20,2,Monthly,21,29,55.1,873.05,0.21,3,5,0
CUST-00507,29,1,Annual,12,24,6.1,1698.46,0.02,2,5,0
CUST-00508,43,47,Annual,11,27,24.7,732.88,0.78,0,3,0
CUST-00509,33,5,Annual,7,64,7.0,1589.93,0.86,2,4,0
CUST-00510,68,20,Annual,4,44,2.0,1882.57,0.3,2,3,0
CUST-00511,54,11,Monthly,19,67,40.9,1250.19,0.3,0,5,0
CUST-00512,39,42,Monthly,1,6,37.3,1485.84,0.01,1,5,0
CUST-00513,46,2,Monthly,28,48,10.8,1612.14,0.61,3,5,0
CUST-00514,31,3,Monthly,24,8,15.1,1691.63,0.73,0,3,0
CUST-00515,45,23,Monthly,3,35,2.4,796.16,0.13,2,5,1
CUST-00516,22,55,Monthly,13,82,51.3,112.01,0.14,1,2,0
CUST-00517,64,12,Annual,15,0,59.8,809.73,0.7,1,5,0
CUST-00518,66,20,Monthly,2,9,9.2,1350.77,0.55,0,2,0
CUST-00519,47,5,Annual,11,35,15.0,906.2,0.04,3,5,0
CUST-00520,63,37,Monthly,4,72,53.4,1500.44,0.55,1,4,0
CUST-00521,69,38,Annual,19,45,56.9,720.4,0.27,1,5,0
CUST-00522,22,30,Annual,17,31,26.3,1273.14,0.33,2,5,0
CUST-00523,29,9,Monthly,3,31,4.1,380.98,0.69,2,3,0
CUST-00524,33,34,Monthly,28,5,3.4,1501.25,0.72,4,1,0
CUST-00525,43,53,Annual,18,47,35.6,1095.93,0.36,1,5,0
CUST-00526,43,44,Monthly,8,37,24.7,416.09,0.84,1,4,0
CUST-00527,65,35,Monthly,22,16,2.7,590.9,0.36,4,2,0
CUST-00528,38,52,Monthly,25,73,36.2,1499.73,0.69,2,4,0
CUST-00529,56,58,Monthly,24,26,1.7,970.38,0.43,1,4,0
CUST-00530,53,22,Monthly,26,53,48.5,439.9,0.8,0,1,1
CUST-00531,50,44,Monthly,19,49,19.5,1934.87,0.81,3,3,0
CUST-00532,47,24,Monthly,5,34,3.4,1433.1,0.08,1,1,1
CUST-00533,54,17,Monthly,7,84,36.5,1914.7,0.83,2,4,0
CUST-00534,40,10,Annual,21,24,25.0,859.94,0.73,1,5,0
CUST-00535,27,30,Monthly,8,27,59.7,955.45,0.7,0,5,0
CUST-00536,22,56,Annual,28,14,33.8,1796.93,0.18,2,5,0
CUST-00537,53,59,Monthly,5,3,17.6,1054.85,0.72,0,3,0
CUST-00538,51,46,Monthly,17,72,43.8,1417.49,0.76,1,5,0
CUST-00539,69,23,Monthly,5,26,17.4,511.82,0.26,1,4,0
CUST-00540,48,32,Monthly,4,25,55.5,898.99,0.85,1,3,0
CUST-00541,27,17,Monthly,22,18,23.6,255.67,0.04,2,5,0
CUST-00542,36,50,Monthly,19,16,34.2,419.9,0.13,3,5,0
CUST-00543,49,51,Monthly,27,42,4.0,11.88,0.48,2,5,0
CUST-00544,18,17,Monthly,21,40,26.7,88.14,0.51,0,5,0
CUST-00545,22,14,Monthly,2,41,51.2,1954.79,0.57,0,3,0
CUST-00546,62,9,Monthly,11,49,49.6,492.28,0.02,1,3,0
CUST-00547,21,40,Monthly,22,83,14.5,1329.99,0.85,4,5,1
CUST-00548,33,2,Annual,13,39,14.6,1679.81,0.04,3,3,0
CUST-00549,41,45,Monthly,15,38,50.3,1105.81,0.13,3,4,0
CUST-00550,33,25,Monthly,12,22,57.1,314.76,0.01,1,5,0
CUST-00551,19,39,Annual,22,51,6.8,1458.95,0.5,1,5,0
CUST-00552,66,9,Monthly,21,46,28.1,1204.5,0.83,1,4,0
CUST-00553,45,54,Monthly,22,62,21.3,1465.19,0.59,0,5,0
CUST-00554,49,22,Annual,11,68,53.5,1541.8,0.73,0,5,0
CUST-00555,44,43,Monthly,7,42,6.0,1951.07,0.01,4,5,0
CUST-00556,37,46,Monthly,28,47,13.7,1151.39,0.48,1,3,0
CUST-00557,41,4,Monthly,5,33,46.4,689.87,0.41,1,3,0
CUST-00558,29,26,Monthly,17,39,4.1,1300.44,0.44,0,4,0
CUST-00559,67,58,Monthly,24,74,30.7,146.2,0.06,4,2,1
CUST-00560,52,29,Monthly,20,60,27.7,1795.82,0.61,2,3,0
CUST-00561,50,45,Monthly,9,49,21.2,247.57,0.45,2,3,0
CUST-00562,50,34,Monthly,14,66,24.8,662.41,0.68,3,4,0
CUST-00563,68,23,Annual,26,61,33.0,1633.33,0.43,1,5,0
CUST-00564,60,37,Annual,12,57,10.7,1198.65,0.13,2,2,0
CUST-00565,54,11,Monthly,6,32,35.5,793.33,0.58,0,5,0
CUST-00566,29,6,Monthly,17,74,49.6,952.14,0.15,0,5,0
CUST-00567,20,18,Monthly,19,15,46.8,1710.55,0.78,3,2,0
CUST-00568,18,21,Monthly,19,81,10.3,686.61,0.55,2,5,0
CUST-00569,50,42,Monthly,26,47,10.0,1740.6,0.14,1,4,0
CUST-00570,57,36,Monthly,16,9,17.2,185.39,0.86,1,4,0
CUST-00571,27,41,Annual,12,81,22.8,1555.83,0.46,1,5,0
CUST-00572,60,38,Monthly,12,37,25.6,1696.62,0.06,0,3,0
CUST-00573,61,34,Monthly,20,18,42.0,371.82,0.56,1,5,0
CUST-00574,46,17,Monthly,6,35,4.4,866.39,0.23,0,1,0
CUST-00575,30,37,Monthly,23,58,3.1,339.34,0.72,1,5,0
CUST-00576,29,25,Annual,26,62,24.6,1416.14,0.73,3,4,0
CUST-00577,48,38,Annual,4,76,43.0,1075.34,0.87,1,5,0
CUST-00578,63,58,Annual,6,45,12.7,1274.29,0.45,0,3,0
CUST-00579,19,12,Monthly,11,2,39.7,401.01,0.4,1,5,0
CUST-00580,68,23,Monthly,1,73,16.7,431.37,0.67,3,5,1
CUST-00581,67,53,Monthly,24,64,54.4,92.58,0.12,1,4,0
CUST-00582,52,42,Monthly,23,90,55.0,650.91,0.49,0,5,0
CUST-00583,40,22,Monthly,15,7,18.9,1123.89,0.49,1,4,0
CUST-00584,34,21,Annual,27,50,14.9,1717.29,0.08,2,5,0
CUST-00585,43,27,Monthly,11,80,25.8,1337.19,0.37,2,4,0
CUST-00586,25,57,Monthly,25,72,15.5,876.44,0.76,3,5,0
CUST-00587,46,31,Monthly,19,5,41.5,1906.71,0.76,4,5,0
CUST-00588,43,6,Monthly,18,88,50.8,1441.3,0.09,2,4,0
CUST-00589,27,27,Monthly,17,38,41.6,1861.03,0.08,2,3,0
CUST-00590,43,40,Annual,19,59,50.7,1059.9,0.23,1,4,0
CUST-00591,51,34,Annual,21,27,24.9,525.22,0.78,0,5,0
CUST-00592,68,12,Annual,14,53,10.4,115.13,0.11,5,3,0
CUST-00593,58,45,Monthly,27,36,45.5,1454.91,0.64,1,4,0
CUST-00594,24,57,Monthly,18,8,22.7,251.39,0.09,0,5,0
CUST-00595,21,53,Monthly,28,81,41.5,612.52,0.55,2,4,0
CUST-00596,67,7,Monthly,19,55,17.3,1069.62,0.32,1,5,0
CUST-00597,62,10,Annual,15,58,5.9,1133.19,0.7,2,3,0
CUST-00598,28,45,Monthly,15,84,60.9,1205.16,0.21,2,2,0
CUST-00599,46,17,Monthly,4,1,10.4,340.85,0.57,1,5,0
CUST-00600,53,26,Monthly,7,60,60.6,765.68,0.21,3,2,0
CUST-00601,42,21,Monthly,13,57,59.9,1238.22,0.64,1,3,0
CUST-00602,38,28,Annual,3,59,48.9,1939.94,0.78,1,5,0
CUST-00603,53,58,Monthly,16,39,40.8,1457.99,0.11,1,4,0
CUST-00604,27,46,Monthly,9,35,35.8,1845.98,0.77,2,5,0
CUST-00605,54,2,Monthly,8,36,53.2,1526.8,0.53,2,5,0
CUST-00606,26,60,Monthly,20,78,18.5,1187.52,0.11,1,3,0
CUST-00607,41,54,Annual,13,17,29.2,392.13,0.38,2,1,0
CUST-00608,52,43,Annual,17,62,38.3,1336.7,0.14,0,5,0
CUST-00609,66,1,Annual,17,21,25.8,1250.53,0.62,4,4,1
CUST-00610,52,51,Annual,17,10,26.8,1208.91,0.68,1,2,0
CUST-00611,65,53,Monthly,1,57,20.9,984.67,0.09,2,5,1
CUST-00612,53,36,Monthly,8,56,35.0,1062.03,0.45,0,1,0
CUST-00613,35,51,Monthly,19,76,52.3,675.54,0.73,0,5,0
CUST-00614,66,26,Monthly,6,3,13.2,1043.43,0.83,1,3,0
CUST-00615,56,29,Annual,3,85,57.3,403.14,0.46,3,2,0
CUST-00616,49,21,Monthly,27,6,42.6,1612.3,0.85,1,3,0
CUST-00617,41,11,Annual,5,60,50.6,379.7,0.48,4,5,0
CUST-00618,40,40,Monthly,13,53,34.5,179.08,0.35,1,5,0
CUST-00619,49,11,Monthly,15,87,48.0,878.13,0.75,1,5,0
CUST-00620,54,36,Monthly,14,67,2.0,1320.03,0.44,0,4,0
CUST-00621,29,49,Annual,23,78,50.3,881.06,0.42,3,4,0
CUST-00622,66,59,Monthly,16,0,3.4,560.74,0.44,1,3,0
CUST-00623,30,39,Monthly,18,54,54.7,1120.76,0.75,3,4,0
CUST-00624,40,40,Monthly,22,2,60.8,700.53,0.74,3,4,0
CUST-00625,42,35,Monthly,22,77,18.7,1866.41,0.36,4,5,1
CUST-00626,52,54,Monthly,11,37,13.7,1846.06,0.3,1,3,0
CUST-00627,58,34,Annual,3,0,47.2,1009.72,0.44,2,5,0
CUST-00628,47,55,Monthly,22,37,16.3,662.49,0.51,2,3,0
CUST-00629,34,47,Monthly,10,84,53.2,1476.89,0.21,0,5,0
CUST-00630,66,24,Monthly,10,28,7.2,83.06,0.71,2,1,0
CUST-00631,37,54,Monthly,21,4,8.6,954.79,0.43,0,4,0
CUST-00632,65,22,Annual,16,73,60.0,679.28,0.3,1,4,0
CUST-00633,42,5,Monthly,12,20,41.6,1841.87,0.1,0,4,0
CUST-00634,39,56,Monthly,2,70,52.1,33.89,0.21,0,4,0
CUST-00635,30,33,Monthly,9,66,20.6,1110.1,0.84,1,4,0
CUST-00636,36,58,Annual,24,46,41.8,1483.92,0.27,1,4,0
CUST-00637,66,36,Annual,3,83,36.8,975.19,0.15,2,5,1
CUST-00638,53,47,Monthly,24,82,37.4,179.95,0.41,0,5,0
CUST-00639,29,20,Monthly,25,34,42.2,1945.2,0.27,1,5,0
CUST-00640,58,19,Monthly,15,67,35.7,1040.84,0.03,0,3,0
CUST-00641,36,35,Annual,3,68,26.9,1232.23,0.29,2,5,0
CUST-00642,29,52,Monthly,19,0,17.6,480.85,0.48,2,4,0
CUST-00643,26,43,Monthly,18,67,47.3,972.16,0.49,2,4,0
CUST-00644,24,17,Monthly,8,11,14.6,864.01,0.32,2,4,0
CUST-00645,45,59,Monthly,26,59,42.7,159.04,0.4,1,4,0
CUST-00646,31,45,Monthly,17,26,15.1,221.26,0.86,2,3,0
CUST-00647,48,43,Annual,8,55,38.7,1676.57,0.34,1,3,0
CUST-00648,69,34,Monthly,7,22,46.0,487.24,0.23,1,2,1
CUST-00649,36,9,Monthly,7,24,14.2,397.97,0.22,2,5,0
CUST-00650,64,26,Monthly,3,20,4.6,1014.77,0.41,0,5,0
CUST-00651,33,2,Annual,1,60,8.9,1539.81,0.68,2,5,0
CUST-00652,22,53,Monthly,4,62,37.5,133.27,0.18,2,5,0
CUST-00653,52,9,Annual,25,51,52.2,1157.85,0.63,1,2,0
CUST-00654,29,9,Monthly,5,87,3.7,247.23,0.02,0,5,0
CUST-00655,42,40,Monthly,1,24,45.3,82.56,0.37,0,5,0
CUST-00656,69,17,Monthly,15,54,21.6,114.96,0.69,4,4,1
CUST-00657,38,1,Monthly,5,45,29.9,1669.99,0.3,2,4,0
CUST-00658,53,25,Monthly,13,31,57.0,244.77,0.5,0,5,0
CUST-00659,40,43,Annual,8,54,21.0,99.85,0.18,1,4,0
CUST-00660,33,40,Monthly,8,4,29.1,881.42,0.66,2,5,0
CUST-00661,56,42,Monthly,5,35,1.8,1689.55,0.05,3,2,0
CUST-00662,62,25,Monthly,28,48,5.9,532.19,0.76,0,3,0
CUST-00663,59,39,Annual,9,57,16.6,849.21,0.18,1,4,0
CUST-00664,56,35,Annual,1,38,2.7,89.45,0.78,3,4,0
CUST-00665,31,3,Monthly,4,79,39.1,903.67,0.31,0,5,0
CUST-00666,48,50,Annual,3,84,26.7,1159.45,0.64,0,5,0
CUST-00667,22,37,Monthly,2,60,34.1,1146.11,0.28,4,4,0
CUST-00668,52,44,Monthly,8,8,11.5,671.53,0.81,2,1,0
CUST-00669,40,44,Annual,23,5,18.8,637.91,0.11,1,5,0
CUST-00670,46,51,Annual,9,34,41.0,222.18,0.16,0,5,0
CUST-00671,60,30,Monthly,2,38,59.2,739.93,0.44,0,3,0
CUST-00672,28,38,Monthly,14,21,4.0,207.99,0.07,1,4,0
CUST-00673,35,34,Monthly,14,40,54.7,1535.53,0.17,3,5,0
CUST-00674,64,12,Annual,4,4,35.8,1932.89,0.84,1,5,0
CUST-00675,29,19,Monthly,6,41,35.0,1940.45,0.87,2,4,0
CUST-00676,26,37,Monthly,11,86,31.2,1731.49,0.33,3,4,0
CUST-00677,27,44,Monthly,3,80,5.2,1205.58,0.82,1,5,0
CUST-00678,61,59,Monthly,8,75,6.4,1404.72,0.48,0,5,0
CUST-00679,34,59,Monthly,3,86,37.2,577.56,0.24,1,4,1
CUST-00680,55,49,Annual,14,79,21.6,1265.23,0.63,3,4,0
CUST-00681,24,17,Monthly,28,66,56.3,916.74,0.59,3,5,0
CUST-00682,63,10,Monthly,13,29,25.5,969.21,0.88,0,3,0
CUST-00683,30,57,Monthly,13,56,9.6,1517.98,0.24,2,3,0
CUST-00684,57,55,Annual,2,85,44.1,571.02,0.6,2,4,1
CUST-00685,59,49,Monthly,13,72,18.7,642.9,0.05,3,4,0
CUST-00686,26,47,Monthly,19,28,32.7,1850.04,0.1,0,5,0
CUST-00687,67,12,Annual,27,36,43.1,121.89,0.0,1,2,1
CUST-00688,44,16,Annual,6,86,55.3,976.41,0.89,3,5,0
CUST-00689,19,24,Annual,16,12,48.8,1826.47,0.71,1,4,0
CUST-00690,22,19,Annual,2,31,41.8,1224.62,0.7,1,1,0
CUST-00691,46,8,Monthly,8,45,42.0,1097.35,0.45,0,2,0
CUST-00692,54,31,Annual,17,22,58.0,506.99,0.27,1,5,0
CUST-00693,55,21,Monthly,23,44,18.8,693.12,0.13,1,5,0
CUST-00694,36,17,Annual,2,16,1.1,1705.58,0.25,4,3,1
CUST-00695,25,23,Annual,10,84,17.4,1122.84,0.33,1,5,0
CUST-00696,65,37,Annual,28,65,14.1,1034.34,0.67,1,5,0
CUST-00697,62,54,Monthly,16,5,40.9,208.16,0.48,2,5,0
CUST-00698,18,16,Monthly,6,17,39.2,41.9,0.07,0,4,0
CUST-00699,39,6,Monthly,28,21,36.8,1927.73,0.02,1,5,0
CUST-00700,69,8,Annual,2,32,2.0,760.2,0.09,2,2,0
CUST-00701,34,25,Annual,2,29,44.9,1210.39,0.37,3,4,0
CUST-00702,24,18,Monthly,26,80,20.5,168.63,0.83,2,5,0
CUST-00703,42,25,Monthly,13,31,41.1,1369.4,0.57,2,4,0
CUST-00704,62,12,Monthly,24,41,34.6,1865.81,0.71,0,4,0
CUST-00705,21,15,Annual,15,77,21.7,1155.57,0.42,4,2,0
CUST-00706,53,59,Annual,28,9,9.1,260.97,0.32,0,5,0
CUST-00707,23,26,Monthly,2,35,6.7,1167.63,0.1,2,5,0
CUST-00708,48,41,Monthly,7,33,51.1,1535.03,0.78,1,4,0
CUST-00709,36,45,Annual,3,72,56.4,818.77,0.7,4,5,1
CUST-00710,61,26,Annual,8,27,40.2,1760.88,0.15,2,1,0
CUST-00711,56,47,Monthly,23,10,7.2,1300.88,0.46,2,4,0
CUST-00712,44,32,Monthly,14,77,25.2,1799.51,0.43,0,5,0
CUST-00713,27,10,Monthly,24,38,45.0,1250.78,0.56,1,4,0
CUST-00714,43,16,Monthly,23,46,48.0,271.26,0.84,2,3,0
CUST-00715,36,7,Monthly,27,18,8.1,626.29,0.52,2,4,0
CUST-00716,56,17,Monthly,22,14,1.0,411.57,0.48,0,5,0
CUST-00717,20,23,Annual,7,27,43.9,1818.56,0.04,4,2,0
CUST-00718,62,26,Monthly,21,23,22.5,1523.2,0.06,3,5,0
CUST-00719,30,21,Annual,7,71,16.3,1356.03,0.17,1,5,0
CUST-00720,67,22,Monthly,1,8,1.8,608.92,0.03,3,3,0
CUST-00721,45,58,Monthly,17,46,33.6,376.25,0.66,1,5,0
CUST-00722,37,7,Monthly,9,32,52.3,1515.34,0.64,1,4,0
CUST-00723,45,14,Monthly,21,61,58.7,953.57,0.12,1,4,0
CUST-00724,25,15,Annual,13,18,35.1,459.32,0.74,2,5,0
CUST-00725,58,53,Annual,21,66,32.0,1237.08,0.14,2,5,0
CUST-00726,56,7,Monthly,19,73,6.1,90.26,0.27,1,2,1
CUST-00727,18,9,Monthly,21,39,34.1,659.08,0.22,2,4,0
CUST-00728,20,51,Annual,19,46,23.9,942.43,0.33,2,4,0
CUST-00729,30,48,Monthly,25,64,37.6,304.44,0.23,2,4,0
CUST-00730,45,8,Monthly,25,28,24.4,1969.46,0.44,0,4,0
CUST-00731,66,50,Annual,22,49,15.5,426.1,0.36,3,2,0
CUST-00732,42,59,Monthly,17,12,6.7,269.4,0.88,1,5,0
CUST-00733,50,23,Monthly,23,0,20.0,415.03,0.05,1,4,0
CUST-00734,55,29,Monthly,23,33,6.8,1540.43,0.13,1,3,0
CUST-00735,23,18,Annual,10,47,11.7,856.76,0.05,1,5,0
CUST-00736,61,31,Monthly,10,76,60.5,1135.18,0.56,3,5,0
CUST-00737,62,30,Monthly,4,47,27.8,51.81,0.05,1,4,1
CUST-00738,49,52,Annual,8,48,33.1,78.52,0.74,2,4,0
CUST-00739,62,39,Monthly,22,63,53.7,897.19,0.46,0,5,0
CUST-00740,64,35,Annual,20,60,61.0,1635.14,0.47,1,4,0
CUST-00741,38,18,Monthly,20,28,36.1,1771.63,0.5,6,3,1
CUST-00742,33,59,Annual,18,38,50.0,182.55,0.15,2,5,0
CUST-00743,38,42,Monthly,14,87,20.7,1081.34,0.18,0,1,1
CUST-00744,28,39,Monthly,18,25,19.4,1827.33,0.28,1,2,1
CUST-00745,54,17,Monthly,28,16,25.3,782.07,0.53,1,1,0
CUST-00746,53,14,Monthly,14,70,41.6,1660.84,0.19,1,3,0
CUST-00747,52,31,Annual,20,12,42.1,276.05,0.1,2,2,0
CUST-00748,36,24,Annual,21,68,20.0,1871.44,0.86,2,5,0
CUST-00749,37,35,Monthly,24,25,9.0,1505.33,0.02,1,4,0
CUST-00750,35,44,Monthly,15,48,39.1,1883.26,0.71,4,3,0
CUST-00751,64,60,Annual,22,66,8.7,1356.47,0.7,2,3,0
CUST-00752,58,45,Annual,4,6,35.9,733.17,0.26,1,5,0
CUST-00753,66,34,Monthly,13,57,42.8,1876.98,0.12,1,4,0
CUST-00754,31,3,Monthly,27,48,43.2,558.38,0.13,2,4,0
CUST-00755,32,37,Monthly,23,52,46.4,671.02,0.62,2,5,0
CUST-00756,48,43,Monthly,8,64,53.6,1404.61,0.57,1,4,0
CUST-00757,18,40,Monthly,18,61,31.1,1532.98,0.7,1,4,0
CUST-00758,20,26,Monthly,12,16,45.0,1859.51,0.83,0,3,0
CUST-00759,33,55,Monthly,23,42,38.3,417.56,0.62,3,4,0
CUST-00760,40,23,Annual,14,24,12.3,1598.02,0.14,1,4,0
CUST-00761,28,44,Monthly,2,2,2.5,1479.71,0.22,0,5,0
CUST-00762,29,39,Monthly,18,78,18.2,136.95,0.75,2,4,0
CUST-00763,27,15,Monthly,24,28,27.7,780.57,0.19,4,4,0
CUST-00764,49,56,Monthly,2,31,38.2,572.7,0.06,4,2,1
CUST-00765,33,49,Monthly,11,25,52.3,615.94,0.63,1,3,0
CUST-00766,25,4,Monthly,9,15,12.8,1966.06,0.36,0,4,0
CUST-00767,55,29,Monthly,12,24,8.6,1289.13,0.82,1,5,0
CUST-00768,29,22,Monthly,17,53,59.1,1438.18,0.58,0,4,0
CUST-00769,41,25,Monthly,15,27,7.5,1953.47,0.08,4,5,1
CUST-00770,45,13,Monthly,25,72,29.9,760.63,0.84,0,3,0
CUST-00771,25,18,Annual,17,55,36.3,1605.66,0.23,1,2,1
CUST-00772,45,33,Monthly,26,64,33.6,874.72,0.3,1,2,0
CUST-00773,53,16,Annual,26,85,6.2,1740.37,0.36,1,4,0
CUST-00774,43,45,Monthly,18,79,4.4,369.51,0.05,2,3,0
CUST-00775,25,42,Monthly,22,40,7.4,1895.9,0.44,1,3,0
CUST-00776,67,44,Monthly,6,50,36.3,445.36,0.11,0,5,0
CUST-00777,45,2,Monthly,17,70,33.8,659.18,0.36,1,1,0
CUST-00778,45,55,Annual,23,77,15.1,1514.82,0.31,1,4,0
CUST-00779,54,35,Annual,24,28,39.5,793.57,0.69,0,4,0
CUST-00780,58,42,Annual,18,82,50.5,1220.34,0.71,2,4,0
CUST-00781,53,34,Monthly,8,18,3.5,894.7,0.14,2,4,0
CUST-00782,44,30,Monthly,9,65,31.0,1487.32,0.33,2,4,0
CUST-00783,34,59,Monthly,6,40,42.6,464.38,0.33,4,4,0
CUST-00784,26,55,Monthly,5,44,16.2,126.33,0.13,3,5,1
CUST-00785,50,13,Monthly,12,14,19.6,606.86,0.71,4,5,0
CUST-00786,37,13,Monthly,25,2,38.0,953.87,0.63,1,3,0
CUST-00787,30,18,Monthly,28,10,55.1,344.36,0.17,0,2,0
CUST-00788,45,32,Monthly,11,52,49.8,716.05,0.33,1,5,0
CUST-00789,65,32,Annual,25,45,36.2,805.97,0.09,3,4,0
CUST-00790,46,35,Annual,1,29,45.0,124.21,0.56,5,4,0
CUST-00791,30,59,Annual,11,56,23.0,1170.78,0.11,3,4,0
CUST-00792,63,39,Monthly,19,17,39.7,1769.84,0.88,0,2,0
CUST-00793,52,46,Monthly,9,50,29.1,311.97,0.69,4,4,0
CUST-00794,23,52,Monthly,27,47,12.5,1199.64,0.35,1,4,0
CUST-00795,35,29,Annual,2,65,43.3,1332.83,0.51,0,3,0
CUST-00796,68,49,Monthly,12,7,34.6,844.48,0.81,1,4,0
CUST-00797,22,29,Monthly,4,21,22.6,1405.18,0.49,0,5,0
CUST-00798,64,53,Annual,4,5,56.0,827.36,0.16,1,4,0
CUST-00799,42,44,Monthly,18,75,2.3,1014.23,0.34,1,2,0
CUST-00800,19,57,Monthly,15,56,20.0,24.63,0.75,1,4,0
CUST-00801,27,16,Monthly,19,35,4.4,1386.52,0.57,2,5,0
CUST-00802,47,56,Monthly,13,78,47.2,1326.07,0.58,3,5,0
CUST-00803,67,44,Monthly,19,56,43.3,86.42,0.77,2,5,0
CUST-00804,62,47,Monthly,17,48,21.0,742.82,0.8,1,3,0
CUST-00805,22,57,Monthly,6,44,41.7,1958.27,0.82,3,5,0
CUST-00806,50,10,Monthly,16,81,24.9,847.27,0.08,3,5,0
CUST-00807,18,30,Annual,24,65,46.6,1008.87,0.48,0,1,0
CUST-00808,35,25,Monthly,12,76,28.4,1820.76,0.66,1,4,0
CUST-00809,49,39,Monthly,19,44,25.9,1437.35,0.67,1,4,0
CUST-00810,64,20,Monthly,5,78,57.4,1168.32,0.54,0,5,0
CUST-00811,66,5,Annual,17,19,16.1,1597.63,0.15,2,3,0
CUST-00812,28,1,Monthly,26,63,8.3,1730.09,0.71,3,4,0
CUST-00813,38,30,Monthly,23,66,36.2,919.21,0.64,0,5,0
CUST-00814,43,49,Annual,26,82,59.5,955.47,0.08,3,5,0
CUST-00815,42,3,Annual,1,2,23.8,778.24,0.41,3,5,0
CUST-00816,39,45,Monthly,28,53,4.7,1933.75,0.15,3,5,0
CUST-00817,44,14,Annual,27,77,21.5,1397.36,0.3,1,1,0
CUST-00818,66,56,Monthly,25,63,31.5,175.61,0.02,3,5,0
CUST-00819,30,30,Monthly,24,39,10.8,1727.29,0.36,1,4,0
CUST-00820,50,50,Monthly,23,58,40.7,966.31,0.49,2,5,0
CUST-00821,51,4,Monthly,10,54,61.2,146.82,0.55,0,3,0
CUST-00822,58,18,Annual,15,61,28.2,1103.94,0.59,0,5,0
CUST-00823,52,37,Monthly,23,3,22.4,840.16,0.74,2,5,0
CUST-00824,18,25,Monthly,21,59,25.2,1756.72,0.19,1,5,0
CUST-00825,38,48,Annual,21,74,7.9,415.95,0.11,1,2,0
CUST-00826,65,1,Annual,11,90,54.3,1654.66,0.76,0,3,0
CUST-00827,23,53,Monthly,13,29,26.0,1119.8,0.14,2,5,0
CUST-00828,45,46,Monthly,5,1,24.4,118.67,0.87,0,1,0
CUST-00829,34,15,Monthly,1,61,40.8,1943.97,0.75,3,5,0
CUST-00830,22,9,Annual,24,48,27.7,1030.1,0.45,0,1,0
CUST-00831,48,15,Monthly,12,8,40.1,588.84,0.87,0,5,0
CUST-00832,22,49,Annual,11,30,4.7,944.12,0.09,1,4,0
CUST-00833,55,57,Monthly,17,60,50.1,1717.14,0.27,1,5,0
CUST-00834,20,24,Monthly,4,78,57.7,616.76,0.57,1,5,1
CUST-00835,40,4,Monthly,15,47,40.1,393.43,0.31,1,4,0
CUST-00836,54,12,Monthly,25,24,58.6,266.85,0.83,4,2,1
CUST-00837,54,59,Monthly,9,35,10.1,602.74,0.06,2,2,0
CUST-00838,27,58,Annual,21,7,29.8,1562.3,0.49,0,4,0
CUST-00839,27,37,Monthly,20,72,37.3,948.54,0.53,1,4,0
CUST-00840,36,37,Monthly,19,57,36.1,462.69,0.58,3,5,0
CUST-00841,34,43,Annual,19,44,25.2,340.71,0.23,1,4,0
CUST-00842,38,60,Monthly,12,61,21.4,672.13,0.32,0,4,0
CUST-00843,31,6,Annual,5,38,8.6,1880.45,0.75,2,4,0
CUST-00844,26,39,Monthly,10,57,24.6,692.62,0.17,2,1,0
CUST-00845,63,56,Monthly,17,80,10.8,1976.37,0.74,2,4,0
CUST-00846,18,46,Monthly,5,82,45.3,975.61,0.5,0,5,0
CUST-00847,68,24,Monthly,22,63,13.6,366.54,0.68,0,5,0
CUST-00848,62,11,Annual,16,43,4.5,1783.37,0.64,2,4,0
CUST-00849,30,13,Monthly,7,28,34.3,926.11,0.18,0,4,0
CUST-00850,21,34,Monthly,28,58,36.9,1422.25,0.51,1,5,0
CUST-00851,18,25,Monthly,9,70,53.6,1967.59,0.77,1,4,0
CUST-00852,66,7,Monthly,3,8,35.8,109.85,0.38,1,1,0
CUST-00853,57,52,Annual,15,5,21.8,202.42,0.86,4,2,0
CUST-00854,49,4,Monthly,16,28,49.4,1443.71,0.4,3,4,0
CUST-00855,51,59,Monthly,18,57,33.6,570.83,0.13,2,5,0
CUST-00856,45,8,Annual,14,16,5.8,376.76,0.35,0,5,0
CUST-00857,48,20,Monthly,3,15,35.1,88.33,0.85,0,2,0
CUST-00858,25,29,Annual,12,86,55.8,53.47,0.28,1,3,0
CUST-00859,56,54,Monthly,9,2,24.9,1551.23,0.77,0,5,0
CUST-00860,43,53,Monthly,28,20,18.9,277.52,0.78,5,5,1
CUST-00861,51,51,Monthly,7,63,9.7,940.76,0.31,0,5,0
CUST-00862,20,45,Annual,9,89,10.1,1215.73,0.07,1,5,0
CUST-00863,67,46,Annual,13,35,27.1,862.42,0.64,1,1,0
CUST-00864,29,10,Monthly,18,85,36.9,63.94,0.28,2,5,0
CUST-00865,18,43,Monthly,5,61,5.9,1569.17,0.7,0,5,0
CUST-00866,61,34,Monthly,13,41,57.7,30.92,0.39,1,3,0
CUST-00867,22,57,Monthly,4,75,46.5,1526.16,0.43,1,5,0
CUST-00868,47,26,Monthly,2,41,36.4,1787.68,0.69,3,3,0
CUST-00869,47,41,Annual,16,60,51.0,871.35,0.34,0,1,0
CUST-00870,34,49,Monthly,9,12,5.8,1075.73,0.39,3,3,0
CUST-00871,65,58,Monthly,9,10,29.8,959.2,0.33,3,3,0
CUST-00872,64,3,Monthly,6,53,39.0,784.53,0.33,1,4,0
CUST-00873,40,56,Monthly,11,15,51.0,1775.97,0.47,2,4,0
CUST-00874,32,6,Monthly,22,7,48.2,1788.93,0.72,0,4,0
CUST-00875,54,5,Monthly,24,58,17.7,678.27,0.32,4,4,0
CUST-00876,38,5,Annual,22,56,57.7,1233.99,0.47,1,3,0
CUST-00877,31,54,Monthly,1,39,8.5,1854.55,0.6,1,1,1
CUST-00878,19,47,Monthly,4,58,53.8,1924.5,0.24,1,5,0
CUST-00879,28,23,Monthly,13,1,59.5,1022.83,0.25,0,4,0
CUST-00880,68,49,Annual,23,75,11.7,911.12,0.83,5,4,0
CUST-00881,56,9,Annual,13,9,44.5,564.6,0.64,0,5,0
CUST-00882,55,35,Monthly,13,43,3.4,1918.16,0.51,2,5,0
CUST-00883,51,20,Annual,2,10,25.4,294.2,0.58,1,5,0
CUST-00884,55,58,Monthly,9,78,32.1,1163.86,0.03,4,4,1
CUST-00885,67,49,Monthly,24,79,36.0,572.28,0.55,1,3,0
CUST-00886,51,59,Monthly,8,80,57.4,565.23,0.45,1,5,0
CUST-00887,35,42,Monthly,7,89,41.5,815.89,0.49,1,3,0
CUST-00888,47,35,Monthly,4,1,30.0,1997.6,0.32,2,4,0
CUST-00889,32,50,Annual,18,49,49.8,119.38,0.07,0,2,0
CUST-00890,44,18,Annual,3,11,58.3,1161.3,0.17,0,5,0
CUST-00891,68,17,Monthly,28,89,2.3,174.32,0.85,0,2,0
CUST-00892,51,24,Monthly,6,22,60.2,317.5,0.36,2,5,0
CUST-00893,69,3,Monthly,12,17,6.2,884.73,0.42,0,5,0
CUST-00894,55,32,Monthly,12,61,50.1,1025.82,0.05,2,4,0
CUST-00895,50,35,Monthly,21,61,17.9,525.0,0.03,0,5,0
CUST-00896,41,38,Monthly,28,37,9.0,639.75,0.64,3,5,0
CUST-00897,32,13,Monthly,8,66,27.5,183.06,0.48,4,5,1
CUST-00898,47,56,Annual,22,37,39.8,613.41,0.45,1,4,0
CUST-00899,59,47,Monthly,22,66,24.0,1933.45,0.22,1,5,0
CUST-00900,68,25,Monthly,1,60,4.3,1889.97,0.66,1,4,1
CUST-00901,34,9,Annual,4,0,37.1,676.41,0.15,0,5,0
CUST-00902,22,4,Monthly,21,44,55.4,1146.0,0.17,1,4,0
CUST-00903,46,14,Monthly,28,27,24.1,1820.09,0.41,2,4,0
CUST-00904,21,37,Monthly,11,20,14.0,22.31,0.25,1,5,0
CUST-00905,27,34,Monthly,3,12,27.7,1623.26,0.22,4,5,1
CUST-00906,34,11,Annual,13,26,3.9,1897.26,0.57,1,4,0
CUST-00907,27,41,Monthly,25,6,50.5,191.74,0.58,2,3,0
CUST-00908,34,56,Monthly,17,21,50.8,331.28,0.73,1,4,0
CUST-00909,37,3,Annual,22,73,36.5,1921.89,0.37,1,5,0
CUST-00910,41,59,Annual,22,52,22.3,1079.7,0.07,1,5,0
CUST-00911,22,28,Annual,10,78,49.2,38.25,0.24,1,5,0
CUST-00912,51,29,Monthly,21,78,34.4,522.69,0.87,1,1,1
CUST-00913,23,9,Monthly,12,3,50.8,905.39,0.53,2,4,0
CUST-00914,19,3,Annual,15,22,39.1,1388.89,0.63,4,5,1
CUST-00915,30,25,Annual,21,69,48.3,1468.99,0.01,1,5,0
CUST-00916,60,34,Monthly,10,87,37.1,1990.89,0.46,0,1,0
CUST-00917,60,12,Monthly,14,83,26.0,582.15,0.03,1,5,0
CUST-00918,65,42,Monthly,13,83,58.8,1081.06,0.51,1,4,0
CUST-00919,28,9,Annual,5,75,33.6,1071.31,0.82,0,3,0
CUST-00920,68,15,Monthly,6,32,37.5,817.23,0.86,2,4,0
CUST-00921,64,40,Monthly,24,27,14.3,346.63,0.48,5,4,0
CUST-00922,40,25,Monthly,2,7,38.7,1955.14,0.41,4,4,1
CUST-00923,33,5,Monthly,22,0,35.5,1708.1,0.84,0,2,0
CUST-00924,48,11,Annual,17,36,12.1,1001.68,0.6,3,3,0
CUST-00925,28,59,Monthly,4,62,4.6,1210.46,0.06,2,5,0
CUST-00926,33,34,Annual,14,21,37.4,462.25,0.41,1,3,0
CUST-00927,25,24,Annual,10,69,47.1,1092.14,0.21,1,3,0
CUST-00928,21,60,Monthly,3,20,32.6,1392.99,0.42,3,4,0
CUST-00929,57,15,Monthly,25,34,14.7,1035.18,0.41,1,4,0
CUST-00930,21,38,Monthly,3,78,41.2,1980.67,0.52,1,5,0
CUST-00931,42,8,Annual,15,4,5.8,1226.57,0.32,1,4,0
CUST-00932,20,59,Monthly,6,59,27.6,748.24,0.15,2,5,0
CUST-00933,49,5,Monthly,17,45,10.9,1546.58,0.45,0,5,0
CUST-00934,20,48,Annual,12,49,12.1,349.22,0.74,3,2,0
CUST-00935,44,26,Monthly,22,47,13.2,775.19,0.59,2,3,0
CUST-00936,46,18,Annual,20,5,24.3,700.45,0.3,2,4,0
CUST-00937,49,6,Monthly,24,88,4.1,869.3,0.83,0,4,0
CUST-00938,67,37,Monthly,11,55,25.0,1565.74,0.81,2,5,0
CUST-00939,68,60,Monthly,25,58,31.9,973.5,0.19,0,4,0
CUST-00940,36,48,Annual,4,28,30.1,1590.09,0.04,0,4,0
CUST-00941,38,13,Monthly,26,70,24.1,1157.21,0.66,1,3,0
CUST-00942,22,28,Annual,28,76,51.6,690.72,0.74,1,3,0
CUST-00943,35,5,Annual,26,17,9.8,1621.86,0.86,2,4,0
CUST-00944,45,13,Monthly,6,1,31.5,484.2,0.79,0,4,0
CUST-00945,59,17,Annual,1,7,4.7,456.52,0.53,1,4,0
CUST-00946,39,50,Monthly,20,74,5.3,1013.96,0.47,0,3,0
CUST-00947,38,40,Monthly,23,53,35.6,529.09,0.02,5,5,1
CUST-00948,23,45,Monthly,28,37,35.1,28.08,0.22,2,5,0
CUST-00949,18,32,Annual,16,47,53.9,1300.11,0.41,2,3,0
CUST-00950,22,29,Monthly,15,26,34.6,1027.08,0.56,1,4,0
CUST-00951,58,51,Monthly,17,19,58.9,896.58,0.5,0,5,0
CUST-00952,29,58,Monthly,8,11,3.9,1934.27,0.66,5,4,1
CUST-00953,43,3,Monthly,28,42,6.9,1146.69,0.25,1,4,0
CUST-00954,63,56,Monthly,26,60,3.7,1728.23,0.5,1,2,0
CUST-00955,51,40,Annual,12,30,12.2,287.51,0.08,2,5,0
CUST-00956,66,34,Annual,27,90,33.6,1142.72,0.37,0,2,0
CUST-00957,31,40,Monthly,22,60,39.9,1737.28,0.67,3,5,0
CUST-00958,43,27,Annual,21,73,3.7,1170.38,0.62,1,5,0
CUST-00959,62,13,Monthly,10,66,58.0,1438.85,0.88,1,5,0
CUST-00960,44,45,Annual,27,90,51.8,750.37,0.25,0,5,0
CUST-00961,26,33,Monthly,15,34,18.9,193.97,0.44,0,4,0
CUST-00962,43,6,Monthly,9,14,5.7,921.22,0.29,3,4,0
CUST-00963,64,24,Monthly,2,15,11.2,795.01,0.39,2,5,0
CUST-00964,39,19,Annual,5,12,8.7,1735.45,0.76,1,5,0
CUST-00965,64,16,Monthly,6,34,8.4,495.55,0.61,0,4,0
CUST-00966,47,40,Monthly,7,74,32.3,1933.8,0.79,2,5,0
CUST-00967,60,28,Monthly,21,58,15.8,1916.69,0.18,2,4,0
CUST-00968,65,33,Monthly,25,20,22.6,502.79,0.78,1,4,0
CUST-00969,34,59,Monthly,1,53,60.7,702.62,0.05,1,4,0
CUST-00970,43,59,Annual,23,74,42.3,1792.16,0.79,0,3,0
CUST-00971,53,48,Annual,26,29,58.2,1933.58,0.29,2,1,1
CUST-00972,18,41,Monthly,7,47,9.6,892.44,0.28,5,3,0
CUST-00973,25,13,Annual,20,34,24.0,648.78,0.46,0,4,0
CUST-00974,66,43,Monthly,25,85,34.5,1056.93,0.84,2,4,0
CUST-00975,52,45,Annual,12,37,5.6,1378.66,0.04,1,4,0
CUST-00976,69,25,Annual,16,30,1.3,554.21,0.31,1,5,0
CUST-00977,32,53,Monthly,16,77,41.4,1475.58,0.76,1,4,0
CUST-00978,64,42,Annual,11,23,39.7,112.8,0.35,3,4,0
CUST-00979,39,36,Monthly,21,48,25.8,108.1,0.18,1,3,0
CUST-00980,31,27,Monthly,4,31,30.5,778.71,0.38,1,1,0
CUST-00981,43,38,Annual,13,54,26.1,713.41,0.34,1,5,0
CUST-00982,45,60,Monthly,7,78,2.4,638.11,0.81,0,4,0
CUST-00983,40,7,Monthly,4,57,21.2,987.13,0.68,0,5,1
CUST-00984,31,5,Monthly,15,2,11.7,648.26,0.45,2,3,0
CUST-00985,41,43,Annual,19,79,6.9,392.59,0.88,0,4,0
CUST-00986,19,45,Monthly,9,68,58.7,625.84,0.41,2,3,0
CUST-00987,62,58,Monthly,11,84,37.1,1950.06,0.05,1,3,0
CUST-00988,43,57,Annual,8,9,44.9,828.12,0.23,1,1,0
CUST-00989,31,51,Annual,1,82,20.0,894.98,0.39,1,3,1
CUST-00990,68,31,Monthly,23,24,24.7,1157.32,0.14,1,4,0
CUST-00991,24,23,Monthly,25,67,15.3,1966.85,0.84,0,2,0
CUST-00992,20,42,Monthly,24,60,6.8,490.79,0.68,1,5,0
CUST-00993,64,10,Monthly,8,28,11.8,1365.75,0.24,2,4,0
CUST-00994,40,32,Monthly,13,18,49.1,1434.81,0.53,2,3,0
CUST-00995,63,43,Annual,22,42,41.9,1218.58,0.64,1,3,0
CUST-00996,60,53,Monthly,27,65,34.0,186.27,0.84,1,4,0
CUST-00997,64,30,Monthly,4,73,29.6,1356.98,0.78,0,2,1
CUST-00998,62,39,Monthly,8,60,56.6,137.55,0.46,0,5,0
CUST-00999,35,31,Annual,3,42,5.4,1196.32,0.69,0,5,1
CUST-01000,55,18,Monthly,9,24,17.9,1481.77,0.5,3,3,0
